-- phpMyAdmin SQL Dump
-- version 4.7.4
-- https://www.phpmyadmin.net/
--
-- Хост: softnoe
-- Время создания: Мар 30 2018 г., 07:56
-- Версия сервера: 10.1.31-MariaDB
-- Версия PHP: 5.5.38

SET SQL_MODE = "NO_AUTO_VALUE_ON_ZERO";
SET AUTOCOMMIT = 0;
START TRANSACTION;
SET time_zone = "+00:00";


/*!40101 SET @OLD_CHARACTER_SET_CLIENT=@@CHARACTER_SET_CLIENT */;
/*!40101 SET @OLD_CHARACTER_SET_RESULTS=@@CHARACTER_SET_RESULTS */;
/*!40101 SET @OLD_COLLATION_CONNECTION=@@COLLATION_CONNECTION */;
/*!40101 SET NAMES utf8mb4 */;

--
-- База данных: `el`
--

-- --------------------------------------------------------

--
-- Структура таблицы `author`
--

CREATE TABLE `author` (
  `id` bigint(20) NOT NULL,
  `nam` varchar(250) NOT NULL
) ENGINE=InnoDB DEFAULT CHARSET=utf8;

--
-- Дамп данных таблицы `author`
--

INSERT INTO `author` (`id`, `nam`) VALUES
(15, 'Айзек Азимов'),
(14, 'Александр Громов'),
(13, 'Александр Зорич'),
(7, 'Анджей Сапковский'),
(12, 'Андрей Валентинов'),
(10, 'Генри Лайон Олди'),
(3, 'Дж. Метьюз'),
(11, 'Кир Булычев'),
(8, 'Марина Дяченко'),
(1, 'С. Дж. Тюдор'),
(2, 'Светлана Талан'),
(6, 'Сергей Бут'),
(9, 'Сергей Дяченко');

-- --------------------------------------------------------

--
-- Структура таблицы `book`
--

CREATE TABLE `book` (
  `id` bigint(20) NOT NULL,
  `dat` timestamp NOT NULL DEFAULT CURRENT_TIMESTAMP,
  `naz` varchar(500) NOT NULL,
  `description` varchar(5000) DEFAULT NULL,
  `izdat` varchar(50) DEFAULT NULL,
  `img` varchar(500) DEFAULT NULL,
  `file` varchar(500) DEFAULT NULL,
  `downloads` bigint(20) NOT NULL DEFAULT '0',
  `rating` bigint(20) NOT NULL DEFAULT '0'
) ENGINE=InnoDB DEFAULT CHARSET=utf8;

--
-- Дамп данных таблицы `book`
--

INSERT INTO `book` (`id`, `dat`, `naz`, `description`, `izdat`, `img`, `file`, `downloads`, `rating`) VALUES
(1, '2018-03-29 18:46:03', 'Крейдяна Людина', 'У кожного є Таємниця. І краще не знати яка…\n\nП’ятеро друзів — Едді Мюнстер, Гладкий Ґев, Металевий Міккі, Гоппо і Нікі — давно виросли з того віку, коли для спілкування використовували зашифровані послання, написані кольоровою крейдою. Але минуле не стирається так само легко, як крейда з пальців. Сорокарічний Ед усе ще пам’ятає, як він і його шкільний учитель урятували дівчину Елізу. І пам’ятає її обезголовлений труп, який знайшли в лісі… Через багато років Ед Адамс зустрічається з Міккі, який заявляє, що знайшов убивцю Елізи. Наступного дня його самого знаходять мертвим, із намальованим крейдяним чоловічком у кишені. Друзі розуміють: те, від чого вони втікали, повернулося. На згадку про минуле в кожного з них лишилася не тільки крейда під нігтями, але й кров. Чия вона?.. ', '«Книжный Клуб «Клуб Семейного Досуга»', 'logo.jpeg', 'Тестова Книга.txt', 11, 5),
(2, '2018-03-29 18:53:39', 'Надеюсь и люблю', 'Катя знала Сергея с детства. Их свадьба была чем-то само собой разумеющимся. А как иначе? Ведь с ним так спокойно, надежно… Но когда Катя встречает Макса, в ее душе зарождаются сомнения: о такой ли жизни она мечтала? Женщина решается на отчаянный поступок: уходит из дома, хлопнув дверью, а затем бросает и дочь. Но жизнь вносит свои коррективы. Макс оказывается не тем, за кого себя выдавал. Теперь в большом городе Катя пускается в погоню за фальшивыми мечтами. Как далеко зайдет она, прежде чем поймет, что настоящее счастье', '«Книжный Клуб «Клуб Семейного Досуга»', 'logo.jpeg', 'Тестова Книга.txt', 435, 0),
(3, '2018-03-29 18:54:43', 'Раздели мою печаль', 'Милана росла в семье, где все жили по правилам отца-военного. Он — настоящий домашний тиран и девушка, даже повзрослев, живет в постоянном страхе и унижениях. Она встречается с парнем, но папа хочет выдать ее замуж за военного… Милана не в силах противиться отцу, она втайне мечтает вырваться из дома и начать нормальную самостоятельную жизнь…', '«Книжный Клуб «Клуб Семейного Досуга»', 'logo.jpeg', 'Тестова Книга.txt', 435435, 0),
(4, '2018-03-29 18:56:00', 'раКУРС', 'Роман про різні, але однаково переділені війною долі українців! \n\nТакі різні, але рівні перед війною, перед лихом герої однаково намагаються випросити у долі ще трохи щасливого життя. Якщо не для себе, то для наступних поколінь. Ця книга — про долі людей, чиє життя тепер матиме чіткі «до» і «після», про надії та втрати, про боротьбу й силу волі, про помилки, вічне шукання істини і непереборне бажання жити далі. \n\nСхідна Україна, 2014 рік. Активістка Еліна не залишає Луганськ, вона виконує розвідувальні завдання. Але вона потрапляє під підозру… Євген — прибічник ЛНР. Він щиро підтримував ту сторону і пішов воювати. Але він побачив правду…', '«Книжный Клуб «Клуб Семейного Досуга»', 'logo.jpg', 'Тестова Книга.txt', 65865, 0),
(5, '2018-03-29 18:57:30', 'Червоний горобець', 'Шпигунські пристрасті, які здатні знищити світ…\n\nДомініка Єгорова — найцінніша з агентів російських спецслужб, випускниця школи горобців — особливого відділу контррозвідки. Вона — звабниця, яка використовує своє тіло для збору інформації та подальшого усунення іноземних дипломатів і шпигунів. Її майстерність легендарна. Нова ціль Домініки — молодий офіцер ЦРУ Натаніель Неш, відповідальний за проникнення американських «кротів» до російської розвідки. Проте бездоганний план дає збій: між Домінікою і Нейтом спалахують почуття. І тієї ж миті немов полуда спадає з їхніх очей. Адже обоє здаються горобцями в клітці ницої системи шпигунських схем та інтриг вищого керівництва. Відтепер під загрозою опиняються не лише їхні кар’єри, а й безпека обох держав… ', '«Книжный Клуб «Клуб Семейного Досуга»', 'logo.jpg', 'Тестова Книга.txt', 567, 0),
(8, '2018-03-29 19:00:29', 'Листи з того світу', 'Мертві мають свої таємниці, які живим краще не знати…\n\nЛичаківський цвинтар. Скорботний кам’яний янгол склав долоні в молитві… Мабуть, він змусив Андрія заглянути в цей старий склеп. А ще привернули увагу дати життя та смерті. Двоє немовлят… Що з ними трапилося? На порозі гробівця Андрій знаходить дивну бляшану коробку, а в ній — пожовтілий від часу лист. Ця можливість зазирнути в минуле — наче вісточка зі світу померлих… Із листа Андрій дізнається про злочин, який було скоєно півстоліття тому, і вирішує довідатися правду. Він має розгадати цю загадку! Але куди заведе його лабіринт таємниць, страхів і потрясінь?\n', '«Книжный Клуб «Клуб Семейного Досуга»', 'logo.jpg', 'Тестова Книга.txt', 566, 0),
(9, '2018-03-29 19:02:46', 'Відьмак. Останнє бажання. Книга 1', 'Від Яруги до Драконячих гір мандрує один з останніх відьмаків – Ґеральт із Рівії. Він зустрічає людей та істот, які чимось дуже нагадують персонажів відомих казок, і намагається зрозуміти, чи залишилося в ньому самому хоч щось від людини. А може, він – тільки додаток до двох своїх мечів: звичайного залізного та відьмачого, з карбованим руків’ям та срібним клинком, який колись стане для нього мечем призначення…', '«Книжный Клуб «Клуб Семейного Досуга»', 'logo.jpg', 'Тестова Книга.txt', 67, 9),
(10, '2018-03-29 19:04:40', 'Відьмак. Володарка Озера. Книга 7', 'Зеленоока Цірі продовжує пошуки Ґеральта і Йеннефер, вона стрибає поміж світами в пошуках відповідних часу й місця. Усі світи різні — безпроблемні, де можна перепочити, і проблемні, де її то наздоганяють ельфи, то замахуються на життя аборигени. У рідному світі Цірі, далеко в майбутньому, є ті, які прагнуть допомогти їй виконати призначене. Німуе — Володарка Озера — залучає силу снячих, щоб з’ясувати суперечливі моменти легенди про відьмака й відьмачку та спрямувати Призначення у правильному напрямку. \n\nА тим часом іде війна між Нільфгардом й нордлінгами. І невідомо, що чекатиме на відьмака, його друзів і знайомих у кінці шляху…', '«Книжный Клуб «Клуб Семейного Досуга»', 'logo.jpg', 'Тестова Книга.txt', 356842, 5),
(11, '2018-03-29 19:05:49', 'Відьмак. Меч призначення. Книга 2', 'Тепер Ґеральт знає, що таке кохання, знає, що він здатен на людські почуття і на найбільшу самопожертву… У його житті з’являється маленька зеленоока Цірі. На королівства, які століттями воювали лише за перенесення межових знаків, нападає страшний ворог із-за південних гір. І відьмаку все одно: чия ллється кров – людей, дріад чи ельфів…', '«Книжный Клуб «Клуб Семейного Досуга»', 'logo.jpg', 'Тестова Книга.txt', 234, 0),
(12, '2018-03-29 19:06:53', 'Відьмак. Час погорди. Книга 4', 'Героїчна сага Анджея Сапковського про відьмака Ґеральта посідає четверте місце за накладами у Польщі, нагороджена преміями імені Януша Зайделя, преміями SFinks, а 2010 року автор отримав почесну нагороду Європейського співтовариства наукової фантастики EuroCon «Ґранд Майстер». \n\nЗгідно з давнім ельфійським пророцтвом, Цірі, Дитя Старшої Крові, мала змінити долю світу. Але поки зеленоока спадкоємиця трону Цінтри прямує під захистом своїх названих батьків до чарівницького острову Танедд, світ уже невпізнавано змінився. Усюди, в усіх серцях війна, ненависть і погорда. Для відьмака Ґеральта настав час заради порятунку Цірі обирати, на чиєму він боці.', '«Книжный Клуб «Клуб Семейного Досуга»', 'logo.jpg', 'Тестова Книга.txt', 3247, 0),
(13, '2018-03-29 19:11:17', 'Странствие трех царей', 'Вместо мирры и ладана, даров из дальних стран в ларцах трех царей, — антология фантастических рассказов и повестей, лучший подарок для любителей фэнтези! \n\nВ этой антологии собраны произведения писателей из Англии, Беларуси, Китая, Польши, России, США и Украины, давно полюбившиеся или написанные специально для этого сборника — от Анджея Сапковского, Марины и Сергея Дяченко, Генри Лайона Олди, Кира Булычева… Среди других в сборник вошли ранее не переводившиеся рассказы классиков фэнтези Терри Пратчетта и Джеймса Бренча Кэбелла.\n\nВсе началось с магии… Не той балаганной и дешевой, которой торгуют сельские колдуны и бродячие фокусники. То была магия истинная, пробуждающая трепет и страх. Ею дышали зарницы степных сухих гроз, она бродила по камням китайской улицы Призраков и по кровавой грязи дорог робеспьеровской Франции, опускалась на морское дно за сокровищами восточных князей и в бешеной скачке мчалась с эльфами по лесам замирья. Старая ведьма — любящая прабабушка, бывший военный снайпер… Обезумевший от страха извозчик, которого скрип полозьев перенес в картонный мир чудовищ и блесток с рождественских открыток… Гоноровый польский шляхтич, вернувшийся с битвы под Смоленском и исполнивший долг чести перед самим сатаной… Магия будет их оружием и пером, которым они напишут свои истории. И только две стихии будут обладать силой, им неподвластной, — море-океан и любовь…', '«Книжный Клуб «Клуб Семейного Досуга»', NULL, 'Тестова Книга.txt', 346, 7),
(14, '2018-03-29 19:14:26', 'Призрачный мир. Сборник фантастики', 'Юрка соглашается поработать натурщиком, не догадываясь, что из него хотят сделать героя для битв в иных мирах...\nСама принцесса эльфов явилась Мальтушу, чтобы предложить свою любовь...\nСтарик на птичьем рынке продает необычный товар — настоящих эльфов...', '«Книжный Клуб «Клуб Семейного Досуга»', NULL, 'Тестова Книга.txt', 3467, 0),
(15, '2018-03-29 19:15:45', 'Фундація. Книга 1', 'Галактична Імперія на шляху до занепаду. Попереду тисячоліття варварства і війн. Уникнути цього страхіття неможливо, але є шанс скоротити період руїни. Психоісторик Гарі Селдон знає, як це зробити. Саме він переконує імператора створити Фундацію — скарбницю надбань людства, з якої розпочнеться народження нової величної імперії. «План Селдона» спрацьовує, але жага влади і грошей стає перепоною у розвитку суспільства. Чи вдасться наступникам вченого скерувати рух історії у потрібному напрямку? \n', '«Книжный Клуб «Клуб Семейного Досуга»', NULL, 'Тестова Книга.txt', 345, 0),
(16, '2018-03-29 19:17:33', 'Фундація та Імперія. Книга 2', 'Керуючись настановами батька-засновника, легендарного психоісторика Гарі Селдона, та використовуючи переваги науки й технологій, Фундація подолала жадібність і варварство сусідніх войовничих планет. Але тепер вона мусить протистояти Імперії, що навіть у передсмертній агонії досі наймогутніша в усій Галактиці. Коли амбітний генерал, який вирішив відновити велич Імперії, спрямовує грізний флот на Фундацію, єдиною надією маленької планети науковців залишаються пророцтва Гарі Селдона.', '«Книжный Клуб «Клуб Семейного Досуга»', NULL, 'Тестова Книга.txt', 34545, 0);

-- --------------------------------------------------------

--
-- Структура таблицы `book_author`
--

CREATE TABLE `book_author` (
  `idbook` bigint(20) NOT NULL,
  `idauthor` bigint(20) NOT NULL
) ENGINE=InnoDB DEFAULT CHARSET=utf8;

--
-- Дамп данных таблицы `book_author`
--

INSERT INTO `book_author` (`idbook`, `idauthor`) VALUES
(1, 1),
(2, 2),
(3, 2),
(4, 2),
(5, 3),
(8, 6),
(9, 7),
(10, 7),
(11, 7),
(12, 7),
(13, 7),
(13, 8),
(13, 9),
(13, 10),
(13, 11),
(14, 9),
(14, 8),
(14, 10),
(14, 12),
(14, 13),
(14, 14),
(15, 15),
(16, 15);

-- --------------------------------------------------------

--
-- Структура таблицы `book_genre`
--

CREATE TABLE `book_genre` (
  `idbook` bigint(20) NOT NULL,
  `idgenre` bigint(20) NOT NULL
) ENGINE=InnoDB DEFAULT CHARSET=utf8;

--
-- Дамп данных таблицы `book_genre`
--

INSERT INTO `book_genre` (`idbook`, `idgenre`) VALUES
(2, 1),
(3, 1),
(4, 1),
(5, 2),
(8, 2),
(9, 5),
(9, 6),
(10, 6),
(10, 5),
(11, 5),
(11, 6),
(12, 5),
(12, 6),
(13, 5),
(13, 6),
(14, 5),
(14, 6),
(15, 5),
(15, 6),
(16, 7);

-- --------------------------------------------------------

--
-- Структура таблицы `book_tag`
--

CREATE TABLE `book_tag` (
  `idbook` bigint(20) NOT NULL,
  `idtag` bigint(20) NOT NULL
) ENGINE=InnoDB DEFAULT CHARSET=utf8;

-- --------------------------------------------------------

--
-- Структура таблицы `comment`
--

CREATE TABLE `comment` (
  `id` bigint(20) NOT NULL,
  `dat` timestamp NOT NULL DEFAULT CURRENT_TIMESTAMP,
  `idparent` bigint(20) DEFAULT NULL,
  `idbook` bigint(20) NOT NULL,
  `iduser` varchar(45) NOT NULL,
  `message` varchar(2000) NOT NULL
) ENGINE=InnoDB DEFAULT CHARSET=utf8;

--
-- Дамп данных таблицы `comment`
--

INSERT INTO `comment` (`id`, `dat`, `idparent`, `idbook`, `iduser`, `message`) VALUES
(1, '2018-03-29 19:40:49', NULL, 1, 'admin', '<span style=\"color: rgb(0, 0, 0); font-family: Verdana, Arial, Helvetica, sans-serif; font-size: 14px; background-color: rgb(249, 249, 249);\">Шановна Галина Степанівна, так й загалом всі, хто думає, що видати книжку певною мовою - це справа принципу і бажання. Хотілось би сказати, що цей процес включає в себе і купівлю права на видання книги як такої, і роботу перекладача , і роботу редактора(редакторів) , і багато іншого (можете тут почитати http://knig.org.ua/poslidovnist-vydannya-knyh.html#more-3495) . Це не справа двох днів, тому не потрібно настільки критично ставитись до наявності книги тою чи іншою мовою і шукати «зрадоньку» там , де її немає.</span>'),
(2, '2018-03-29 19:41:02', NULL, 1, 'admin', '<span style=\"color: rgb(0, 0, 0); font-family: Verdana, Arial, Helvetica, sans-serif; font-size: 14px; background-color: rgb(249, 249, 249);\">Мінус Клубу за те, що рассєйський переклад вже більше місяця - півтора доступний, а українського ще немає. Файно стараєтесь. Молодці (нє). Прочитала в оригіналі. Непоганий трилер. Легко читається і в принципі при наявності часу можна за 2 вечори вм\'яти. Не знаю, який буде переклад і чи буде він з оригіналу, але мова авторки доступна та проста для сприймання. Кінець свого роду відкритий, хоч ніби й розгадки скажуть, але все рівно деякі моменти змусять читача засумніватись. Для тих хто вже перечитався трилерів можливо й чогось особливого не буде, на раз. Але для тих, хто знайомиться з жанром має бути надзвичайно цікаво, бо задумка гарна.</span>'),
(3, '2018-03-29 19:42:04', NULL, 2, 'admin', '<span style=\"color: rgb(0, 0, 0); font-family: Verdana, Arial, Helvetica, sans-serif; font-size: 14px; background-color: rgb(249, 249, 249);\">Ви б видали ще раз «Помилку», був би вдячний. Багато книг видаєте по третьому колу а цю не хочете!</span>'),
(4, '2018-03-29 19:42:12', NULL, 2, 'admin', '<span style=\"color: rgb(0, 0, 0); font-family: Verdana, Arial, Helvetica, sans-serif; font-size: 14px; background-color: rgb(249, 249, 249);\">Чи буде видана дана книга українською мовою? Вважаю, що клубу більше потрібно видавати україномовних книг!!! Згодні Ви з моєю точкою зору?!</span>'),
(5, '2018-03-29 19:42:26', 3, 2, 'admin', '<span style=\"color: rgb(0, 0, 0); font-family: Verdana, Arial, Helvetica, sans-serif; font-size: 14px; font-style: italic; background-color: rgb(249, 249, 249);\">Так, ми згодні з Вашою точкою зору. Ваше побажання прийнято до розгляду. Можливо, воно буде враховано в подальшій роботі Клубу.</span>'),
(6, '2018-03-29 19:42:40', NULL, 2, 'admin', '<span style=\"color: rgb(0, 0, 0); font-family: Verdana, Arial, Helvetica, sans-serif; font-size: 14px; background-color: rgb(249, 249, 249);\">І я згодна з Андрієм Мищаком! У мене є всі книги Світлани Талан, мені дуже подобається, як вона пише. Але чомусь останні книги її виходять в клубі винятково російською мовою. Мені, наприклад, все одно якою мовою читати - це не принципіально. Цікава книга улюбленого автора читається будь якою мовою. Але ж авторка українська, так чому ж спочатку не видавати її книги рідною мовою. Перші книги так і видавалися - двома мовами читачам на вибір. Я вважаю, що так і надалі було би правильніше. Я дуже сподіваюсь, що Клуб прислухається до побажання читачів.</span>'),
(7, '2018-03-29 19:42:49', NULL, 2, 'admin', '<span style=\"color: rgb(0, 0, 0); font-family: Verdana, Arial, Helvetica, sans-serif; font-size: 14px; background-color: rgb(249, 249, 249);\">Наконец то уже в продаже. А черновцы в книгу есть？</span>'),
(8, '2018-03-29 19:43:38', NULL, 3, 'admin', '<span style=\"color: rgb(0, 0, 0); font-family: Verdana, Arial, Helvetica, sans-serif; font-size: 14px; background-color: rgb(249, 249, 249);\">Книга цікава, дуже хочеться, щоб героїня вирвалася з домашнього кола, але потім розумієш, що з одного замкненого кола, втрапила в інше. Жінка терпляче зносить примхи оточуючих, поки це не загрожує її дітям, аж тоді вона готова щось змінити в своєму житті. Так буває насправді, нажаль...</span>'),
(9, '2018-03-29 19:43:46', NULL, 3, 'admin', '<span style=\"color: rgb(0, 0, 0); font-family: Verdana, Arial, Helvetica, sans-serif; font-size: 14px; background-color: rgb(249, 249, 249);\">Честно говоря, долго думала, покупать эту книгу С.Талан или нет, всего 236 стр и на русском языке....и думала, что история схожа с книгой «Надежда» и меня уже «не тронет», но все же купила и не пожалела! Начала читать и не смогла оторваться. Очень прониклась жизненной историей Миланы, и когда эта нерешительная девушка рискнула уйти в никуда с двумя маленькими детками, без денег, без жилья.... на этих страницах у меня слезы текли ручьем.....Эту книгу стоит прочесть, особенно тем, у кого есть детки. Спасибо Светлане Талан за эту жизненную историю! P.S. Хочу ще)</span>'),
(10, '2018-03-29 19:43:59', NULL, 3, 'admin', '<span style=\"color: rgb(0, 0, 0); font-family: Verdana, Arial, Helvetica, sans-serif; font-size: 14px; background-color: rgb(249, 249, 249);\">Только что дочитала очередную книгу Светланы Талан «Надежда»...это что-то....без слов...НЕИМОВЕРНАЯ КНИГА! Спасибо любимой писательнице за такие книги, за остросоциальную тематику, за правду, за такой труд!!! Читаешь...переживаешь за главных героинь...вспоминаешь свою жизнь...плачешь...смеешься...книги касаются самой души!!! Это невероятные книги! После которых смотришь на жизнь совсем иначе! Спасибо Книжному Клубу, что выпускаете НУЖНЫЕ книги!!!!!!!</span>'),
(11, '2018-03-29 19:44:10', NULL, 3, 'admin', '<span style=\"color: rgb(0, 0, 0); font-family: Verdana, Arial, Helvetica, sans-serif; font-size: 14px; background-color: rgb(249, 249, 249);\">Огромное спасибо клубу за очередную книгу любимого автора. С нетерпением джу новых книг Светланы Талан в клубе.</span>'),
(12, '2018-03-29 19:44:18', NULL, 3, 'admin', '<span style=\"color: rgb(0, 0, 0); font-family: Verdana, Arial, Helvetica, sans-serif; font-size: 14px; background-color: rgb(249, 249, 249);\">Замечательная книга! Впрочем, как и все книги любимого автора Светланы Талан. Жду с нетерпением новых историй. Книгу, однозначно, рекомендую.</span>'),
(13, '2018-03-29 19:44:33', NULL, 3, 'admin', '<span style=\"color: rgb(0, 0, 0); font-family: Verdana, Arial, Helvetica, sans-serif; font-size: 14px; background-color: rgb(249, 249, 249);\">Ув. любители читать «ураинською мовою»! Пристали, в полном смысле слова, к «российской мове». Не давите и не прессуйте, как авторов, так и ваших коллег - читателей. Читайте на здоровье на том «языке»-«мове», на котором вам комфортно, и не тесните интересы других. Несколько поколений учились в СССР в русских школах и это ничего не значит, кроме того, что им удобнее читать на русском языке. Пусть авторы пишут на том языке, на котором из под пера идёт от души. С уважением!</span>'),
(14, '2018-03-29 19:44:42', NULL, 3, 'admin', '<span style=\"color: rgb(0, 0, 0); font-family: Verdana, Arial, Helvetica, sans-serif; font-size: 14px; background-color: rgb(249, 249, 249);\">Чи буде українською?</span>'),
(15, '2018-03-29 19:45:03', 14, 3, 'admin', '<span style=\"color: rgb(0, 0, 0); font-family: Verdana, Arial, Helvetica, sans-serif; font-size: 14px; font-style: italic; background-color: rgb(249, 249, 249);\">Найближчим часом не планується.</span>'),
(16, '2018-03-29 19:45:15', NULL, 3, 'admin', '<span style=\"color: rgb(0, 0, 0); font-family: Verdana, Arial, Helvetica, sans-serif; font-size: 14px; background-color: rgb(249, 249, 249);\">Советую прочесть ,книга написана из жизненных историй .В каком то смысле вселяет веру и надежду на светлое будущее ,и учит тому что все в наших руках .</span>'),
(17, '2018-03-29 19:45:26', NULL, 3, 'admin', '<span style=\"color: rgb(0, 0, 0); font-family: Verdana, Arial, Helvetica, sans-serif; font-size: 14px; background-color: rgb(249, 249, 249);\">Чудова книга як і всі книги автора.З нетерпінням чекаю новинок від Світлани Талан.</span>'),
(18, '2018-03-29 19:45:35', NULL, 3, 'admin', '<span style=\"color: rgb(0, 0, 0); font-family: Verdana, Arial, Helvetica, sans-serif; font-size: 14px; background-color: rgb(249, 249, 249);\">Раніше дуже захоплювалась її творчістю але згодом,після написання декількох книг на російській мові бажання просто пропало .</span>'),
(19, '2018-03-29 19:45:52', NULL, 3, 'admin', 'Книга цікава'),
(20, '2018-03-29 19:46:57', NULL, 10, 'admin', '<span style=\"color: rgb(0, 0, 0); font-family: Verdana, Arial, Helvetica, sans-serif; font-size: 14px; background-color: rgb(249, 249, 249);\">Отличная новость, а что касается цены, ну как минимум, если бы «фанаты» были внимательнее, а не просто искали зраду, но обратили бы внимание, что седьмая книга больше, чем все остальные 576 стр, и второе, скорее всего связано с тем, что клуб поднимает цены до рыночных, постепенно, давая нам возможность, не ощущать резкого скачка цен, как это делают другие издательства. а любителю русского мира и издательства аст, энджой мальчик - покупай, у нас свободная страна, в отличии от твоих кумиров.</span>'),
(21, '2018-03-29 19:47:06', NULL, 10, 'admin', 'cccc<span style=\"color: rgb(0, 0, 0); font-family: Verdana, Arial, Helvetica, sans-serif; font-size: 14px; background-color: rgb(249, 249, 249);\">Вот вы ноете за цену книги... мне 100 не жалко. да и в страницах книга больше что отлично . больше удовольствия . и 100гривень это не такие и большие деньги. Вот что вы купите сейчас на 100 гривен в магазине? А так это часть шедевра , на такое мне не жалко.</span>'),
(22, '2018-03-29 19:47:25', NULL, 10, 'admin', '<span style=\"color: rgb(0, 0, 0); font-family: Verdana, Arial, Helvetica, sans-serif; font-size: 14px; background-color: rgb(249, 249, 249);\">нарешті, дочекались)</span><br>'),
(23, '2018-03-29 19:47:34', NULL, 10, 'admin', '<span style=\"color: rgb(0, 0, 0); font-family: Verdana, Arial, Helvetica, sans-serif; font-size: 14px; background-color: rgb(249, 249, 249);\">как же долго я ждал.</span>'),
(24, '2018-03-29 19:47:49', NULL, 10, 'admin', '<span style=\"color: rgb(0, 0, 0); font-family: Verdana, Arial, Helvetica, sans-serif; font-size: 14px; background-color: rgb(249, 249, 249);\">Вартість сторінки першої книги із серії 64,9/288=23коп Вартість сторінки сьомої книги із серії 119/576=21коп. І чому всі вирішили, що книга стала неймовірно дорожчою?)</span>'),
(25, '2018-03-29 19:48:12', NULL, 10, 'admin', '<span style=\"color: rgb(0, 0, 0); font-family: Verdana, Arial, Helvetica, sans-serif; font-size: 14px; background-color: rgb(249, 249, 249);\">Уривок добавте будь ласка</span><br>'),
(26, '2018-03-29 19:48:27', 25, 10, 'admin', '<span style=\"color: rgb(0, 0, 0); font-family: Verdana, Arial, Helvetica, sans-serif; font-size: 14px; background-color: rgb(249, 249, 249);\">Уривок добавте будь ласка</span>'),
(27, '2018-03-29 19:48:50', 26, 10, 'admin', '<span style=\"color: rgb(0, 0, 0); font-family: Verdana, Arial, Helvetica, sans-serif; font-size: 14px; font-style: italic; background-color: rgb(249, 249, 249);\">Прохання буде виконано по можливості</span>'),
(28, '2018-03-29 19:49:07', NULL, 10, 'admin', '<span style=\"color: rgb(0, 0, 0); font-family: Verdana, Arial, Helvetica, sans-serif; font-size: 14px; background-color: rgb(249, 249, 249);\">Спочатку хочу сказати, що обкладинка просто супер. Книга появиться в магазинах клуба до Пасхи? Також хочу поцікавитися, якою фентезійною серією, після закінчення Відьмака, Ви будете нас задовільняти? Можу Вам порекомендувати Крісті Голден серія Варкрафт та Джозеф Ділейні серія Учень Відьмака.</span>'),
(29, '2018-03-29 19:49:24', 28, 10, 'admin', '<span style=\"color: rgb(0, 0, 0); font-family: Verdana, Arial, Helvetica, sans-serif; font-size: 14px; font-style: italic; background-color: rgb(249, 249, 249);\">Книга очікується в середині наступного кварталу. Скоріш за все, до Пасхи ще не буде.&nbsp;</span><br style=\"color: rgb(0, 0, 0); font-family: Verdana, Arial, Helvetica, sans-serif; font-size: 14px; font-style: italic; background-color: rgb(249, 249, 249);\"><span style=\"color: rgb(0, 0, 0); font-family: Verdana, Arial, Helvetica, sans-serif; font-size: 14px; font-style: italic; background-color: rgb(249, 249, 249);\">Поки що немає точної інформації, які серії будуть після Відьмака, тому ми дякуємо за Ваші пропозиції.</span>'),
(30, '2018-03-29 19:49:34', NULL, 10, 'admin', '<span style=\"color: rgb(0, 0, 0); font-family: Verdana, Arial, Helvetica, sans-serif; font-size: 14px; background-color: rgb(249, 249, 249);\">Нарешті)</span>'),
(31, '2018-03-29 19:49:53', NULL, 10, 'admin', '<span style=\"color: rgb(0, 0, 0); font-family: Verdana, Arial, Helvetica, sans-serif; font-size: 14px; background-color: rgb(249, 249, 249);\">Очень рад, что выхоит следующая часть! Обидно, что психически неуровновешенные люди уже успели наставить рейтинг всего 3,5 и как я понимаю причина этому цена. Народу как не сделай всегда плохо, никто не пишет, что цены на книги в разы меньше, чем на такие же только от русских издательств, в этой книге банально больше страниц, чем в предыдущих потому и цена чуть больше, ну и конечно в магазин эти психи пойдут и купят сигарет за 30 грн. за пачку (каждый день) и хих это вопросами не озадачит, а вот книга на 20 грн. подорожала - это уже обдираловка))) ЭТИ КНИГИ СТОЯТ НЕПРИСТОЙНО МАЛО и я этому несказанно рад. Касательно содержимого, уже монжно и не комментировать - всё супер.</span>'),
(32, '2018-03-29 19:50:22', NULL, 10, 'admin', '<span style=\"color: rgb(0, 0, 0); font-family: Verdana, Arial, Helvetica, sans-serif; font-size: 14px; background-color: rgb(249, 249, 249);\">Чи планується видання якоїсь серії темного дорослого фентезі після «Відьмака», на кшталт: циклу «Chronicles of the Black Company» Ґлена Кука, циклу Малазанська «Книга Полеглих» Стівена Еріксона, трилогії «Перший закон» Джо Аберкромбі, «Берсерка» Міури? Як на мене то зараз велика нестача дорослого жорстокого фентезі українською мовою. Крім «Відьмака» перекладені українською мовою є лише книги з фентезі-циклу «Пі́сня льо́ду й по́лум\'я». Думаю що цю нішу ви б могли б зайняти. В загальному зараз цей жанр на коні. Деякі книги з «Малазанської »Книги Полеглих« наприклад перевидавалися по пару разів в Росії.</span>'),
(33, '2018-03-29 19:50:36', 32, 10, 'admin', '<span style=\"color: rgb(0, 0, 0); font-family: Verdana, Arial, Helvetica, sans-serif; font-size: 14px; font-style: italic; background-color: rgb(249, 249, 249);\">Так, працюємо в цьому напрямку. Дякуємо за пропозиції.</span>'),
(34, '2018-03-29 19:50:52', NULL, 10, 'admin', '<span style=\"color: rgb(0, 0, 0); font-family: Verdana, Arial, Helvetica, sans-serif; font-size: 14px; background-color: rgb(249, 249, 249);\">Жаль что 7 и 8 не вместе будут, очень жду.</span>'),
(35, '2018-03-29 19:51:12', 34, 10, 'admin', '<span style=\"color: rgb(0, 0, 0); font-family: Verdana, Arial, Helvetica, sans-serif; font-size: 14px; font-style: italic; background-color: rgb(249, 249, 249);\">Седьмая и Восьмая книги серии будут анонсированы в весеннем и летнем кварталах, соответственно.</span>'),
(36, '2018-03-29 19:51:24', NULL, 10, 'admin', '<span style=\"color: rgb(0, 0, 0); font-family: Verdana, Arial, Helvetica, sans-serif; font-size: 14px; background-color: rgb(249, 249, 249);\">Вы шо ,за такую книгу любые деньги)</span>'),
(37, '2018-03-29 19:51:36', NULL, 10, 'admin', '<span style=\"color: rgb(0, 0, 0); font-family: Verdana, Arial, Helvetica, sans-serif; font-size: 14px; background-color: rgb(249, 249, 249);\">«Хроники Черного отряда» Глена Кука - отличное фэнтези, хорошо бы чтоб издали. Ещё бы «Рейд» это-го писателя.</span><br>'),
(38, '2018-03-29 19:52:13', 37, 10, 'admin', '<span style=\"color: rgb(0, 0, 0); font-family: Verdana, Arial, Helvetica, sans-serif; font-size: 14px; font-style: italic; background-color: rgb(249, 249, 249);\"><b>Благодарим</b> за <strike>предложение</strike>.</span>'),
(39, '2018-03-29 19:53:17', NULL, 10, 'admin', '<span style=\"color: rgb(0, 0, 0); font-family: Verdana, Arial, Helvetica, sans-serif; font-size: 14px; background-color: rgb(249, 249, 249);\"><b>З\'явилась</b> інформація, що <b>Сапковський</b> напише <i><strike>іще</strike></i> одну книгу про <u>Відьмака</u>. Чи видасть її <strike>Клуб</strike>&nbsp;</span><hr id=\"null\"><div><span style=\"color: rgb(0, 0, 0); font-family: Verdana, Arial, Helvetica, sans-serif; font-size: 14px; background-color: rgb(249, 249, 249);\">після анонсу в <b>Польщі</b>?</span></div>'),
(40, '2018-03-29 19:53:39', 39, 10, 'admin', '<span style=\"color: rgb(0, 0, 0); font-family: Verdana, Arial, Helvetica, sans-serif; font-size: 14px; font-style: italic; background-color: rgb(249, 249, 249);\">Точно сказати ще рано, але Клуб розгляне таку можливість.</span>');

-- --------------------------------------------------------

--
-- Структура таблицы `genre`
--

CREATE TABLE `genre` (
  `id` bigint(20) NOT NULL,
  `nam` varchar(50) NOT NULL
) ENGINE=InnoDB DEFAULT CHARSET=utf8;

--
-- Дамп данных таблицы `genre`
--

INSERT INTO `genre` (`id`, `nam`) VALUES
(7, 'Историко-приключенческие'),
(1, 'Романы о любви'),
(2, 'Современные авторы'),
(5, 'Фантастика'),
(6, 'фэнтези');

-- --------------------------------------------------------

--
-- Структура таблицы `rating`
--

CREATE TABLE `rating` (
  `id` bigint(20) NOT NULL,
  `dat` timestamp NOT NULL DEFAULT CURRENT_TIMESTAMP,
  `idbook` bigint(20) NOT NULL,
  `iduser` varchar(45) NOT NULL,
  `rate` bigint(20) NOT NULL DEFAULT '0'
) ENGINE=InnoDB DEFAULT CHARSET=utf8;

--
-- Дамп данных таблицы `rating`
--

INSERT INTO `rating` (`id`, `dat`, `idbook`, `iduser`, `rate`) VALUES
(1, '2018-03-30 07:30:15', 1, 'admin', 9),
(2, '2018-03-30 07:30:27', 9, 'admin', 10),
(3, '2018-03-30 07:30:49', 10, 'user', 5),
(4, '2018-03-30 07:30:59', 9, 'user', 8),
(5, '2018-03-30 07:31:17', 1, 'user', 2),
(6, '2018-03-30 07:52:48', 13, 'admin', 7);

-- --------------------------------------------------------

--
-- Структура таблицы `roles`
--

CREATE TABLE `roles` (
  `role` varchar(50) NOT NULL
) ENGINE=InnoDB DEFAULT CHARSET=utf8;

--
-- Дамп данных таблицы `roles`
--

INSERT INTO `roles` (`role`) VALUES
('ROLE_ADMIN'),
('ROLE_USER');

-- --------------------------------------------------------

--
-- Структура таблицы `tag`
--

CREATE TABLE `tag` (
  `id` bigint(11) NOT NULL,
  `nam` varchar(50) NOT NULL
) ENGINE=InnoDB DEFAULT CHARSET=utf8;

-- --------------------------------------------------------

--
-- Структура таблицы `users`
--

CREATE TABLE `users` (
  `username` varchar(45) NOT NULL,
  `password` varchar(500) NOT NULL,
  `status` enum('NotActivate','Active','Locked','Deleted') NOT NULL DEFAULT 'NotActivate'
) ENGINE=InnoDB DEFAULT CHARSET=utf8;

--
-- Дамп данных таблицы `users`
--

INSERT INTO `users` (`username`, `password`, `status`) VALUES
('admin', '$2a$10$FO/f8RmpR4QVD3qHYB/Rfeu.ZMxRHZ9jqtinRs58mFT3i8F0r/DI2', 'Active'),
('test', '$2a$10$CYvkTOb1kzIt.qnIAcCpauzLf8arNTXfCH85REItjTXGtneeHCZ1i', 'Active'),
('user', '$2a$10$HqkdDcYIhzNeEGikwa9/IuF8mDJLZDVuWRkhJOUykAlqTyAecJYTG', 'Active');

-- --------------------------------------------------------

--
-- Структура таблицы `user_roles`
--

CREATE TABLE `user_roles` (
  `usermane` varchar(45) NOT NULL,
  `role` varchar(50) NOT NULL
) ENGINE=InnoDB DEFAULT CHARSET=utf8;

--
-- Дамп данных таблицы `user_roles`
--

INSERT INTO `user_roles` (`usermane`, `role`) VALUES
('admin', 'ROLE_ADMIN'),
('user', 'ROLE_USER'),
('test', 'ROLE_USER');

--
-- Индексы сохранённых таблиц
--

--
-- Индексы таблицы `author`
--
ALTER TABLE `author`
  ADD PRIMARY KEY (`id`),
  ADD UNIQUE KEY `nam` (`nam`);

--
-- Индексы таблицы `book`
--
ALTER TABLE `book`
  ADD PRIMARY KEY (`id`);

--
-- Индексы таблицы `book_author`
--
ALTER TABLE `book_author`
  ADD KEY `idbook` (`idbook`),
  ADD KEY `idauthor` (`idauthor`);

--
-- Индексы таблицы `book_genre`
--
ALTER TABLE `book_genre`
  ADD KEY `book_genre_ibfk_1` (`idbook`),
  ADD KEY `book_genre_ibfk_2` (`idgenre`);

--
-- Индексы таблицы `book_tag`
--
ALTER TABLE `book_tag`
  ADD KEY `idbook` (`idbook`),
  ADD KEY `idtag` (`idtag`);

--
-- Индексы таблицы `comment`
--
ALTER TABLE `comment`
  ADD PRIMARY KEY (`id`),
  ADD KEY `idbook` (`idbook`),
  ADD KEY `idparent` (`idparent`),
  ADD KEY `iduser` (`iduser`);

--
-- Индексы таблицы `genre`
--
ALTER TABLE `genre`
  ADD PRIMARY KEY (`id`),
  ADD UNIQUE KEY `nam` (`nam`);

--
-- Индексы таблицы `rating`
--
ALTER TABLE `rating`
  ADD PRIMARY KEY (`id`),
  ADD KEY `idbook` (`idbook`),
  ADD KEY `iduser` (`iduser`);

--
-- Индексы таблицы `roles`
--
ALTER TABLE `roles`
  ADD PRIMARY KEY (`role`);

--
-- Индексы таблицы `tag`
--
ALTER TABLE `tag`
  ADD PRIMARY KEY (`id`),
  ADD UNIQUE KEY `nam` (`nam`);

--
-- Индексы таблицы `users`
--
ALTER TABLE `users`
  ADD PRIMARY KEY (`username`);

--
-- Индексы таблицы `user_roles`
--
ALTER TABLE `user_roles`
  ADD KEY `usermane` (`usermane`),
  ADD KEY `role` (`role`);

--
-- AUTO_INCREMENT для сохранённых таблиц
--

--
-- AUTO_INCREMENT для таблицы `author`
--
ALTER TABLE `author`
  MODIFY `id` bigint(20) NOT NULL AUTO_INCREMENT, AUTO_INCREMENT=16;

--
-- AUTO_INCREMENT для таблицы `book`
--
ALTER TABLE `book`
  MODIFY `id` bigint(20) NOT NULL AUTO_INCREMENT, AUTO_INCREMENT=17;

--
-- AUTO_INCREMENT для таблицы `comment`
--
ALTER TABLE `comment`
  MODIFY `id` bigint(20) NOT NULL AUTO_INCREMENT, AUTO_INCREMENT=41;

--
-- AUTO_INCREMENT для таблицы `genre`
--
ALTER TABLE `genre`
  MODIFY `id` bigint(20) NOT NULL AUTO_INCREMENT, AUTO_INCREMENT=8;

--
-- AUTO_INCREMENT для таблицы `rating`
--
ALTER TABLE `rating`
  MODIFY `id` bigint(20) NOT NULL AUTO_INCREMENT, AUTO_INCREMENT=7;

--
-- AUTO_INCREMENT для таблицы `tag`
--
ALTER TABLE `tag`
  MODIFY `id` bigint(11) NOT NULL AUTO_INCREMENT;

--
-- Ограничения внешнего ключа сохраненных таблиц
--

--
-- Ограничения внешнего ключа таблицы `book_author`
--
ALTER TABLE `book_author`
  ADD CONSTRAINT `book_author_ibfk_1` FOREIGN KEY (`idbook`) REFERENCES `book` (`id`) ON DELETE NO ACTION ON UPDATE NO ACTION,
  ADD CONSTRAINT `book_author_ibfk_2` FOREIGN KEY (`idauthor`) REFERENCES `author` (`id`);

--
-- Ограничения внешнего ключа таблицы `book_genre`
--
ALTER TABLE `book_genre`
  ADD CONSTRAINT `book_genre_ibfk_1` FOREIGN KEY (`idbook`) REFERENCES `book` (`id`) ON DELETE NO ACTION ON UPDATE NO ACTION,
  ADD CONSTRAINT `book_genre_ibfk_2` FOREIGN KEY (`idgenre`) REFERENCES `genre` (`id`) ON DELETE NO ACTION ON UPDATE NO ACTION;

--
-- Ограничения внешнего ключа таблицы `book_tag`
--
ALTER TABLE `book_tag`
  ADD CONSTRAINT `book_tag_ibfk_1` FOREIGN KEY (`idbook`) REFERENCES `book` (`id`) ON DELETE NO ACTION ON UPDATE NO ACTION,
  ADD CONSTRAINT `book_tag_ibfk_2` FOREIGN KEY (`idtag`) REFERENCES `tag` (`id`) ON DELETE NO ACTION ON UPDATE NO ACTION;

--
-- Ограничения внешнего ключа таблицы `comment`
--
ALTER TABLE `comment`
  ADD CONSTRAINT `comment_ibfk_1` FOREIGN KEY (`idbook`) REFERENCES `book` (`id`) ON DELETE NO ACTION ON UPDATE NO ACTION,
  ADD CONSTRAINT `comment_ibfk_2` FOREIGN KEY (`idparent`) REFERENCES `comment` (`id`) ON DELETE NO ACTION ON UPDATE NO ACTION,
  ADD CONSTRAINT `comment_ibfk_3` FOREIGN KEY (`iduser`) REFERENCES `users` (`username`) ON DELETE NO ACTION ON UPDATE NO ACTION;

--
-- Ограничения внешнего ключа таблицы `rating`
--
ALTER TABLE `rating`
  ADD CONSTRAINT `rating_ibfk_1` FOREIGN KEY (`idbook`) REFERENCES `book` (`id`) ON DELETE NO ACTION ON UPDATE NO ACTION,
  ADD CONSTRAINT `rating_ibfk_2` FOREIGN KEY (`iduser`) REFERENCES `users` (`username`) ON DELETE NO ACTION ON UPDATE NO ACTION;

--
-- Ограничения внешнего ключа таблицы `user_roles`
--
ALTER TABLE `user_roles`
  ADD CONSTRAINT `user_roles_ibfk_1` FOREIGN KEY (`usermane`) REFERENCES `users` (`username`) ON DELETE NO ACTION ON UPDATE NO ACTION,
  ADD CONSTRAINT `user_roles_ibfk_2` FOREIGN KEY (`role`) REFERENCES `roles` (`role`) ON DELETE NO ACTION ON UPDATE NO ACTION;
COMMIT;

/*!40101 SET CHARACTER_SET_CLIENT=@OLD_CHARACTER_SET_CLIENT */;
/*!40101 SET CHARACTER_SET_RESULTS=@OLD_CHARACTER_SET_RESULTS */;
/*!40101 SET COLLATION_CONNECTION=@OLD_COLLATION_CONNECTION */;
